PiNice,1,A
steffenL,1,A
Joodins,1,A
Phill009,1,A
Gisli_TSR,1,A
Bizze,1,A
Riku_M,1,A
NiklasGod,1,A
beautifulleif,1,A
NLjungberg,1,A
SirWolf77,1,A
Dom_88,1,B
ArildJulius,1,B
Kerbocat,1,B
Lucanos,1,B
Yellow_Snow_Kangaroo,1,B
Olalala,1,B
Waloonga,1,B
NilsTillander,1,B
TruksonSWE,1,B
Wilhelmfors,1,B
Deathrevived,1,B
BjarniB,1,C
StefanG,1,C
Thorbj√∏rnNielsen,1,C
havfal,1,C
guidokessels,1,C
AkarlssonTMC,1,C
Joff1,1,C
Freyzor,1,C
Krogager,1,C
jakrissian,1,C
TheBjorn,1,D
Whippoorwill,1,D
Icearel,1,D
mega_magnar,1,D
Plammi,1,D
Egill_TSR,1,D
Totem88,1,D
Printzlau,1,D
RonPon,1,D
darthrindi,1,D